Id,CreatedBy,Description,Duration,IsExtra,Name,PathwayTemplateId,PreparationNotes,Sequence,RegionId,CreatedDate,LastModifiedDate
1,Matthew Stevens,This is the description for Course Template 1,22 Days,1,Course Template 1,14,Budget increase Mr natural PM address rate he else anything teacher step eight bad method military.,2,2,2022-04-05 01:21:51,2022-09-10 15:08:31
2,Michelle Stephens,This is the description for Course Template 2,19 Days,0,Course Template 2,2,Road example however official various argue especially face many.,1,1,2021-07-24 00:02:16,2023-04-29 16:20:19
3,Christopher Stephens,This is the description for Course Template 3,30 Days,0,Course Template 3,3,Past somebody ever per democratic sort land several possible star despite.,4,3,2022-05-11 22:25:12,2023-05-21 23:46:28
4,Jessica Richards,This is the description for Course Template 4,97 Days,0,Course Template 4,7,Bad simply professor available whom sure listen door win order without cell.,1,2,2021-09-21 17:07:09,2023-04-02 09:46:46
5,Jeffrey Ritter,This is the description for Course Template 5,103 Days,0,Course Template 5,14,Music meet with sing wife myself career small small east policy expect machine can.,2,3,2022-02-23 16:06:22,2022-12-19 15:35:56
6,David Russo,This is the description for Course Template 6,96 Days,1,Course Template 6,11,Discussion education continue military important mind.,3,2,2021-11-25 01:12:44,2023-05-08 12:52:05
7,Leslie Johnson,This is the description for Course Template 7,104 Days,1,Course Template 7,6,Almost director executive sport collection can process little smile source remain director whether worker treatment few member set.,2,3,2022-04-14 20:14:32,2023-05-13 15:32:34
8,Joseph Richards,This is the description for Course Template 8,110 Days,1,Course Template 8,15,She bad determine city.,3,1,2021-12-08 10:45:18,2022-06-29 00:34:29
9,Omar Howard,This is the description for Course Template 9,30 Days,1,Course Template 9,15,Event foot themselves none check subject five treat spend dog difference time Republican prove interesting radio sure product much receive.,3,2,2022-03-12 21:09:44,2023-01-18 21:36:38
10,John Page,This is the description for Course Template 10,36 Days,0,Course Template 10,5,West change lay grow fund personal least discover account very feel business.,3,3,2021-10-22 11:33:50,2023-02-23 02:27:33
11,Deborah Smith,This is the description for Course Template 11,85 Days,0,Course Template 11,1,Network actually night media customer respond go behind pretty two writer.,1,3,2021-08-07 16:12:40,2022-06-01 12:13:52
12,Deborah Smith,This is the description for Course Template 12,25 Days,1,Course Template 12,4,Television mind represent product here career hold scientist final because quickly minute perhaps area less church quite rock discover artist.,1,1,2021-06-14 07:39:50,2022-10-09 07:13:03
13,Rebecca Salas,This is the description for Course Template 13,46 Days,0,Course Template 13,15,Join carry ball style doctor respond south project.,1,1,2021-08-24 11:19:55,2023-01-17 03:59:55
14,Amanda Terry,This is the description for Course Template 14,30 Days,1,Course Template 14,8,Role forward discuss minute gas fine able serious walk of rule everything minute property this government impact line whom.,3,3,2021-06-21 07:37:36,2022-07-06 12:21:34
15,Christopher Potts,This is the description for Course Template 15,24 Days,1,Course Template 15,10,Plant manager fund friend property again tough can.,2,3,2022-01-05 00:26:02,2022-06-27 10:11:16
16,Charles Carney,This is the description for Course Template 16,73 Days,0,Course Template 16,15,Party happen society within pressure room opportunity movie official.,4,3,2022-04-13 23:58:14,2023-01-23 17:08:16
17,Margaret Dean,This is the description for Course Template 17,58 Days,0,Course Template 17,8,Particularly federal effort base future sell include I.,2,2,2022-01-22 09:25:02,2023-04-27 10:07:58
18,Leah Chase,This is the description for Course Template 18,114 Days,1,Course Template 18,8,Health experience case identify push I Democrat one return loss close.,1,2,2021-09-29 00:16:39,2022-08-13 01:58:34
19,Jeffrey Houston,This is the description for Course Template 19,104 Days,1,Course Template 19,2,Very up southern true step sell popular happen friend.,3,1,2022-03-08 11:55:04,2023-02-18 08:15:15
20,Kendra Johnson,This is the description for Course Template 20,68 Days,1,Course Template 20,4,Color civil resource article save assume state type there Democrat operation street to.,4,2,2022-05-09 21:22:17,2022-09-29 16:43:26
21,Leah Chase,This is the description for Course Template 21,105 Days,1,Course Template 21,14,Common whole eat provide west side firm level particularly degree trouble piece human over long east page candidate where industry memory.,2,2,2021-11-11 01:35:55,2023-01-12 19:53:40
22,Melissa Baxter,This is the description for Course Template 22,118 Days,1,Course Template 22,12,Political none marriage his cold stuff reduce rather.,4,1,2021-11-26 17:44:09,2023-04-03 13:03:00
23,Jonathon Barton,This is the description for Course Template 23,31 Days,1,Course Template 23,15,Every few best painting indeed country nor hospital million security fire begin cup front least.,1,1,2021-07-07 23:39:38,2022-10-25 02:42:54
24,Jane Flynn,This is the description for Course Template 24,64 Days,0,Course Template 24,12,Movie last positive value peace.,1,2,2021-11-27 04:08:48,2022-11-09 06:17:08
25,Benjamin Weaver,This is the description for Course Template 25,17 Days,1,Course Template 25,2,Add benefit now radio like heavy.,3,2,2022-04-25 00:18:25,2023-05-21 14:31:49
